{"accuracy": [0.5985205173492432, 0.8585816621780396, 0.9131374955177307, 0.9404082894325256, 0.9558005332946777, 0.9654313921928406, 0.9706380367279053, 0.9757166504859924, 0.9792730808258057, 0.9814780354499817], "loss": [1.3638887405395508, 0.44446250796318054, 0.2702750265598297, 0.1844891607761383, 0.13631509244441986, 0.10817413777112961, 0.08831661939620972, 0.07439888268709183, 0.06383445858955383, 0.05633128434419632], "val_accuracy": [0.8477122783660889, 0.907238781452179, 0.9280104637145996, 0.9367744326591492, 0.9484407305717468, 0.9562941193580627, 0.9607899188995361, 0.9517413973808289, 0.9672206044197083, 0.9141247272491455], "val_loss": [0.47359946370124817, 0.2942658066749573, 0.2249670773744583, 0.2001483142375946, 0.15982504189014435, 0.1350877434015274, 0.12724141776561737, 0.16472449898719788, 0.10287546366453171, 0.3316957950592041]}